人格型,内容池ID,案例标题,质量分,一句摘要,关联维度
ENFP,D21-B12-ENFP-1,大提琴老师转行卖馒头,9.0,敢在「应该」和「想要」之间选后者,ME/Fi
ENTJ,D21-B7-ENTJ-1,车企集体逃离新车发布会,9.0,真正的竞争对手不在你盯着的那张名单上,ST/Te
INTJ,D21-B6-INTJ-1,韩国冰奶在韩国查无此物,9.0,我们抢的从来不是那杯奶,CB/Ni
INFP,D21-B5-INFP-1,雷佳音自曝功利心演陈俊生,9.0,诚实地说出「我当时的动机不纯」,FM/Fi
ENTP,D21-B8-ENTP-1,吵架跳江第二天又游回来,8.9,荒诞=情绪最诚实的出口,CB/Ne
INFJ,D21-B4-INFJ-1,女儿想过夜被爸爸拒绝,9.0,不是「该不该过夜」，是依恋的操作系统,DA/Fe
ENFJ,D21-B8-ENFJ-1,四个儿子争着养95岁老母亲,8.9,被争着养，从来不是钱的问题,AS/Fe
INTP,D20-B8-INTP-1,取消实体按键是昂贵的极简主义,8.8,Ti 系统从一开始就知道答案,CB/Ti
ISTJ,D17-B2-1,ISFJ第三次犯错的「全息录像」,8.8,Si 系统自动调出前两次摔坑的记录,TB/Si
